package_id,address,city,state,zip,deadline,weight,notes,available,delivery_status,truck
14,4300 S 1300 E,Millcreek,UT,84117,10:30 AM,88,"Must be delivered with 15, 19",08:00 AM,Delivered,1
17,3148 S 1100 W,Salt Lake City,UT,84119,05:00 PM,2,,08:00 AM,Delivered,3
12,3575 W Valley Central Station bus Loop,West Valley City,UT,84119,05:00 PM,1,,08:00 AM,Delivered,3
33,2530 S 500 E,Salt Lake City,UT,84106,05:00 PM,1,,08:00 AM,Delivered,3
4,380 W 2880 S,Salt Lake City,UT,84115,05:00 PM,4,,08:00 AM,Delivered,3
32,3365 S 900 W,Salt Lake City,UT,84119,05:00 PM,1,Delayed on flight---will not arrive to depot until 9:05 am,09:05 AM,Delivered,2
20,3595 Main St,Salt Lake City,UT,84115,10:30 AM,37,"Must be delivered with 13, 15",08:00 AM,Delivered,1
24,5025 State St,Murray,UT,84107,05:00 PM,7,,08:00 AM,Delivered,3
16,4580 S 2300 E,Holladay,UT,84117,10:30 AM,88,"Must be delivered with 13, 19",08:00 AM,Delivered,1
21,3595 Main St,Salt Lake City,UT,84115,05:00 PM,3,,08:00 AM,Delivered,1
37,410 S State St,Salt Lake City,UT,84111,10:30 AM,2,,08:00 AM,Delivered,1
38,410 S State St,Salt Lake City,UT,84111,05:00 PM,9,Can only be on truck 2,08:00 AM,Delivered,2
22,6351 South 900 East,Murray,UT,84121,05:00 PM,2,,08:00 AM,Delivered,3
25,5383 South 900 East #104,Salt Lake City,UT,84117,10:30 AM,7,Delayed on flight---will not arrive to depot until 9:05 am,09:05 AM,Delivered,2
2,2530 S 500 E,Salt Lake City,UT,84106,05:00 PM,44,,08:00 AM,Delivered,3
5,410 S State St,Salt Lake City,UT,84111,05:00 PM,5,,08:00 AM,Delivered,1
26,5383 South 900 East #104,Salt Lake City,UT,84117,05:00 PM,25,,08:00 AM,Delivered,2
9,300 State St,Salt Lake City,UT,84103,05:00 PM,2,Wrong address listed,10:20 AM,Delivered,3
23,5100 South 2700 West,Salt Lake City,UT,84118,05:00 PM,5,,08:00 AM,Delivered,3
35,1060 Dalton Ave S,Salt Lake City,UT,84104,05:00 PM,88,,08:00 AM,Delivered,3
3,233 Canyon Rd,Salt Lake City,UT,84103,05:00 PM,2,Can only be on truck 2,08:00 AM,Delivered,2
11,2600 Taylorsville Blvd,Salt Lake City,UT,84118,05:00 PM,1,,08:00 AM,Delivered,3
19,177 W Price Ave,Salt Lake City,UT,84115,05:00 PM,37,"Must be delivered with 15, 19",08:00 AM,Delivered,1
1,195 W Oakland Ave,Salt Lake City,UT,84115,10:30 AM,21,,08:00 AM,Delivered,1
10,600 E 900 South,Salt Lake City,UT,84105,05:00 PM,1,,08:00 AM,Delivered,3
36,2300 Parkway Blvd,West Valley City,UT,84119,05:00 PM,88,Can only be on truck 2,08:00 AM,Delivered,2
29,1330 2100 S,Salt Lake City,UT,84106,10:30 AM,2,,08:00 AM,Delivered,1
31,3365 S 900 W,Salt Lake City,UT,84119,10:30 AM,1,,08:00 AM,Delivered,1
39,2010 W 500 S,Salt Lake City,UT,84104,05:00 PM,9,,08:00 AM,Delivered,3
40,380 W 2880 S,Salt Lake City,UT,84115,10:30 AM,45,,08:00 AM,Delivered,1
34,4580 S 2300 E,Holladay,UT,84117,10:30 AM,2,,08:00 AM,Delivered,1
18,1488 4800 S,Salt Lake City,UT,84123,05:00 PM,6,Can only be on truck 2,08:00 AM,Delivered,2
15,4580 S 2300 E,Holladay,UT,84117,09:00 AM,4,"Must be delivered with 15, 19",08:00 AM,Delivered,1
28,2835 Main St,Salt Lake City,UT,84115,05:00 PM,7,Delayed on flight---will not arrive to depot until 9:05 am,09:05 AM,Delivered,2
27,1060 Dalton Ave S,Salt Lake City,UT,84104,05:00 PM,5,,08:00 AM,Delivered,3
7,1330 2100 S,Salt Lake City,UT,84106,05:00 PM,8,,08:00 AM,Delivered,3
30,300 State St,Salt Lake City,UT,84103,10:30 AM,1,,08:00 AM,Delivered,1
13,2010 W 500 S,Salt Lake City,UT,84104,10:30 AM,2,,08:00 AM,Delivered,1
6,3060 Lester St,West Valley City,UT,84119,10:30 AM,88,Delayed on flight---will not arrive to depot until 9:05 am,09:05 AM,Delivered,2
8,300 State St,Salt Lake City,UT,84103,05:00 PM,9,,08:00 AM,Delivered,3
